id,Names,Distance,Mass,Radius
0,"['S', 'D', 'S', 'S', ' ', 'J', '0', '0', '0', '0', '1', '3', '.', '5', '4', '+', '2', '5', '5', '4', '1', '8', '.', '6', '\xa0', '[', 'd', 'e', ']']","['4', '6', '.', '1']","['4', '8']","['0', '.', '9', '9']"
1,"['2', 'M', 'A', 'S', 'S', ' ', 'J', '0', '0', '0', '4', '0', '2', '8', '8', '-', '6', '4', '1', '0', '3', '5', '8']","['1', '9', '2']","['1', '9']","['1', '.', '6', '3']"
2,"['L', 'H', 'S', ' ', '1', '0', '2', 'B', 'C']",[],[],[]
3,"['2', 'M', 'A', 'S', 'S', ' ', 'J', '0', '0', '2', '4', '2', '4', '6', '3', '-', '0', '1', '5', '8', '2', '0', '1']","['3', '7', '.', '7']","['7', '9']","['1', '.', '0', '9']"
4,"['2', 'M', 'A', 'S', 'S', ' ', 'J', '0', '0', '2', '5', '0', '3', '6', '5', '+', '4', '7', '5', '9', '1', '9', '1', 'A', 'B']","['1', '4', '3']",[],[]
5,"['2', 'M', 'A', 'S', 'S', ' ', 'J', '0', '0', '2', '7', '4', '1', '9', '7', '+', '0', '5', '0', '3', '4', '1', '7']","['2', '3', '6']","['3', '1']","['1', '.', '4', '4']"
6,"['2', 'M', 'A', 'S', 'S', ' ', 'J', '0', '0', '2', '7', '5', '5', '9', '2', '+', '2', '2', '1', '9', '3', '2', '8']","['4', '6', '.', '9']",[],[]
7,"['2', 'M', 'A', 'S', 'S', 'W', ' ', 'J', '0', '0', '3', '0', '3', '0', '0', '-', '1', '4', '5', '0', '3', '3']","['8', '7', '.', '2']","['5', '4']","['0', '.', '9', '8']"
8,"['2', 'M', 'A', 'S', 'S', ' ', 'J', '0', '0', '3', '3', '2', '3', '8', '6', '-', '1', '5', '2', '1', '3', '0', '9', '\xa0', '[', 'd', 'e', ']']","['1', '3', '1']","['2', '9']","['1', '.', '4', '3']"
9,"['2', 'M', 'A', 'S', 'S', ' ', 'J', '0', '0', '3', '4', '5', '1', '5', '7', '+', '0', '5', '2', '3', '0', '5', '0']","['3', '1']","['4', '2']","['0', '.', '9', '4']"
10,"['2', 'M', 'A', 'S', 'S', ' ', '0', '0', '3', '6', '+', '1', '8', '2', '1']","['2', '8', '.', '6']","['4', '2']","['0', '.', '9', '4']"
11,"['2', 'M', 'A', 'S', 'S', 'W', ' ', 'J', '0', '0', '4', '5', '2', '1', '4', '+', '1', '6', '3', '4', '4', '5']","['5', '7']","['2', '3']","['1', '.', '6', '2']"
12,"['W', 'I', 'S', 'E', 'P', ' ', 'J', '0', '0', '4', '7', '0', '1', '.', '0', '6', '+', '6', '8', '0', '3', '5', '2', '.', '1', '\xa0', '[', 'f', 'r', ']']","['4', '0']","['1', '2']","['1', '.', '3']"
13,"['2', 'M', 'A', 'S', 'S', ' ', 'J', '0', '0', '5', '0', '1', '9', '9', '4', '-', '3', '3', '2', '2', '4', '0', '2', '\xa0', '[', 'd', 'e', ']']","['3', '4']","['4', '0']","['0', '.', '9', '4']"
14,"['2', 'M', 'A', 'S', 'S', ' ', 'J', '0', '0', '0', '3', '4', '2', '2', '7', '-', '2', '8', '2', '2', '4', '1', '0']",[],[],[]
15,"['2', 'M', 'A', 'S', 'S', ' ', 'J', '0', '0', '5', '8', '4', '2', '5', '3', '-', '0', '6', '5', '1', '2', '3', '9', '\xa0', '[', 'd', 'e', ']']","['9', '6']","['2', '9']","['1', '.', '4', '3']"
16,"['C', 'F', 'B', 'D', 'S', ' ', 'J', '0', '0', '5', '9', '1', '0', '.', '9', '0', '–', '0', '1', '1', '4', '0', '1', '.', '3']","['3', '0']","['2', '3']",[]
17,"['2', 'M', 'A', 'S', 'S', 'I', ' ', 'J', '0', '1', '0', '3', '3', '2', '0', '+', '1', '9', '3', '5', '3', '6']","['7', '0']","['5', '2']","['0', '.', '9', '8']"
18,"['S', 'D', 'S', 'S', 'p', ' ', 'J', '0', '1', '0', '7', '5', '2', '.', '3', '3', '+', '0', '0', '4', '1', '5', '6', '.', '1', '\xa0', '[', 'd', 'e', ']']","['5', '1']","['5', '2']","['0', '.', '9', '8']"
19,"['2', 'M', 'A', 'S', 'S', 'I', ' ', 'J', '0', '1', '1', '7', '4', '7', '4', '-', '3', '4', '0', '3', '2', '5', '\xa0', '[', 'd', 'e', ']']","['1', '6', '3']","['2', '0']","['1', '.', '6', '2']"
20,"['2', 'M', 'A', 'S', 'S', ' ', 'J', '0', '1', '4', '1', '5', '8', '2', '3', '-', '4', '6', '3', '3', '5', '7', '4', '\xa0', '[', 'd', 'e', ']']","['1', '3', '0']","['2', '0']","['1', '.', '6', '1']"
21,"['S', 'D', 'S', 'S', ' ', 'J', '0', '1', '5', '1', '4', '1', '.', '6', '9', '+', '1', '2', '4', '4', '2', '9', '.', '6']","['7', '0']","['4', '7']","['0', '.', '9', '7']"
22,"['D', 'E', 'N', 'I', 'S', '-', 'P', ' ', 'J', '0', '2', '0', '5', '2', '9', '.', '0', '−', '1', '1', '5', '9', '2', '5', 'A']","['6', '5']",[],[]
23,"['D', 'E', 'N', 'I', 'S', '-', 'P', ' ', 'J', '0', '2', '0', '5', '2', '9', '.', '0', '−', '1', '1', '5', '9', '2', '5', 'B']","['6', '5']",[],[]
24,"['D', 'E', 'N', 'I', 'S', '-', 'P', ' ', 'J', '0', '2', '0', '5', '2', '9', '.', '0', '−', '1', '1', '5', '9', '2', '5', 'C']","['6', '5']",[],[]
25,"['S', 'D', 'S', 'S', ' ', 'J', '0', '2', '0', '7', '4', '2', '.', '4', '8', '+', '0', '0', '0', '0', '5', '6', '.', '2', '\xa0', '[', 'd', 'e', ']']","['1', '1', '1']","['4', '7']","['0', '.', '9', '7']"
26,"['2', 'M', 'A', 'S', 'S', ' ', 'J', '0', '2', '1', '0', '3', '8', '5', '7', '-', '3', '0', '1', '5', '3', '1', '3']","['1', '0', '1']","['1', '5']","['1', '.', '5', '3']"
27,"['2', 'M', 'A', 'S', 'S', ' ', 'J', '0', '2', '3', '4', '0', '0', '9', '3', '-', '6', '4', '4', '2', '0', '6', '8']","['1', '5', '5']","['2', '0']","['1', '.', '6', '2']"
28,"['2', 'M', 'A', 'S', 'S', ' ', 'J', '0', '2', '4', '1', '1', '1', '5', '1', '-', '0', '3', '2', '6', '5', '8', '7', '\xa0', '[', 'd', 'e', ']']","['1', '5', '2']","['2', '7']","['1', '.', '4', '1']"
29,"['2', 'M', 'A', 'S', 'S', ' ', 'J', '0', '2', '4', '3', '1', '3', '7', '1', '−', '2', '4', '5', '3', '2', '9', '8']","['3', '5']","['3', '3']","['0', '.', '9', '9']"
30,"['L', 'P', ' ', '7', '7', '1', '-', '2', '1']","['5', '3']","['7', '8']","['1', '.', '0', '8']"
31,"['2', 'M', 'A', 'S', 'S', ' ', 'J', '0', '2', '5', '1', '1', '3', '2', '7', '+', '0', '0', '4', '7', '3', '6', '4']",[],[],[]
32,"['2', 'M', 'A', 'S', 'S', ' ', 'J', '0', '2', '5', '3', '5', '9', '8', '0', '+', '3', '2', '0', '6', '3', '7', '3']","['1', '8', '4']","['6', '5']","['1', '.', '9']"
33,"['W', 'I', 'S', 'E', ' ', 'J', '0', '2', '5', '4', '+', '0', '2', '2', '3']","['2', '4']","['6', '5']","['1', '.', '9']"
34,"['D', 'E', 'N', ' ', '0', '2', '5', '5', '-', '4', '7', '0', '0']","['1', '6', '.', '2']","['8', '0']","['0', '.', '9', '7']"
35,"['2', 'M', 'A', 'S', 'S', ' ', 'J', '0', '3', '1', '8', '5', '4', '0', '3', '-', '3', '4', '2', '1', '2', '9', '2', '\xa0', '[', 'd', 'e', ']']","['4', '5']","['4', '9']","['0', '.', '9', '7']"
36,"['2', 'M', 'A', 'S', 'S', ' ', 'J', '0', '3', '2', '0', '5', '9', '6', '5', '+', '1', '8', '5', '4', '2', '3', '3']","['4', '7']","['8', '8']","['1', '.', '1', '5']"
37,"['2', 'M', 'A', 'S', 'S', ' ', 'J', '0', '3', '2', '3', '1', '0', '0', '2', '-', '4', '6', '3', '1', '2', '3', '7']","['1', '9', '2']","['2', '3']","['1', '.', '6', '6']"
38,"['S', 'D', 'S', 'S', ' ', 'J', '0', '3', '2', '5', '5', '3', '.', '1', '7', '+', '0', '4', '2', '5', '4', '0', '.', '1']","['5', '9']","['4', '5']","['0', '.', '9', '5']"
39,"['2', 'M', 'A', 'S', 'S', ' ', 'J', '0', '3', '2', '6', '4', '2', '2', '5', '-', '2', '1', '0', '2', '0', '5', '7', '\xa0', '[', 'd', 'e', ']']","['8', '0']","['1', '8']","['1', '.', '3']"
40,"['2', 'M', 'A', 'S', 'S', ' ', 'J', '0', '3', '2', '8', '4', '2', '6', '5', '+', '2', '3', '0', '2', '0', '5', '1', '\xa0', '[', 'd', 'e', ']']","['9', '8']","['5', '4']","['0', '.', '9', '8']"
41,"['2', 'M', 'A', 'S', 'S', ' ', 'J', '0', '3', '3', '4', '1', '2', '1', '8', '-', '4', '9', '5', '3', '3', '2', '2']","['2', '7', '.', '0']","['7', '3']","['1', '.', '0', '4']"
42,"['L', 'P', ' ', '9', '4', '4', '-', '2', '0']","['2', '0', '.', '9']","['7', '3']","['1', '.', '4', '3']"
43,"['2', 'M', 'A', 'S', 'P', ' ', 'J', '0', '3', '4', '5', '4', '3', '2', '+', '2', '5', '4', '0', '2', '3']","['8', '8']","['7', '4']","['1', '.', '0', '5']"
44,"['T', 'e', 'i', 'd', 'e', ' ', '1']","['3', '8', '0']","['5', '5']","['3', '.', '7', '8']"
45,"['2', 'M', 'A', 'S', 'S', ' ', 'J', '0', '3', '5', '1', '0', '0', '0', '4', '-', '0', '0', '5', '2', '4', '5', '2']","['4', '8']","['1', '0', '2']","['1', '.', '2', '7']"
46,"['2', 'M', 'A', 'S', 'S', ' ', 'J', '0', '3', '5', '5', '2', '3', '3', '7', '+', '1', '1', '3', '3', '4', '3', '7']","['2', '9', '.', '8']","['2', '0']","['1', '.', '3', '2']"
47,"['D', 'E', 'N', 'I', 'S', '-', 'P', ' ', 'J', '0', '3', '5', '7', '2', '6', '.', '9', '-', '4', '4', '1', '7', '3', '0', '\xa0', '[', 'd', 'e', ']']","['1', '3', '0']",[],[]
48,"['2', 'M', 'A', 'S', 'S', ' ', 'J', '0', '4', '1', '5', '1', '9', '5', '4', '−', '0', '9', '3', '5', '0', '6', '6']","['1', '8', '.', '6']","['3', '0']","['0', '.', '9', '5']"
49,"['S', 'D', 'S', 'S', 'p', ' ', 'J', '0', '4', '2', '3', '4', '8', '.', '5', '7', '-', '0', '4', '1', '4', '0', '3', '.', '5', '\xa0', '[', 'd', 'e', ']']","['5', '0']",[],[]
50,"['2', 'M', 'A', 'S', 'S', ' ', 'J', '0', '4', '2', '8', '5', '0', '9', '6', '-', '2', '2', '5', '3', '2', '2', '7', '\xa0', '[', 'd', 'e', ']']","['8', '5']","['8', '0']","['1', '.', '0', '9']"
51,"['2', 'M', 'A', 'S', 'S', ' ', 'J', '0', '4', '3', '5', '1', '6', '1', '2', '-', '1', '6', '0', '6', '5', '7', '4']","['3', '4']","['1', '0', '0']","['1', '.', '2', '6']"
52,"['2', 'M', 'A', 'S', 'S', ' ', 'J', '0', '4', '3', '6', '2', '7', '8', '8', '-', '4', '1', '1', '4', '4', '6', '5']","['1', '4', '2']","['3', '9']","['1', '.', '9', '7']"
53,"['2', 'M', 'A', 'S', 'S', ' ', 'J', '0', '4', '3', '9', '0', '1', '0', '1', '-', '2', '3', '5', '3', '0', '8', '3', '\xa0', '[', 'd', 'e', ']']","['2', '9', '.', '5']","['4', '8']","['0', '.', '9', '7']"
54,"['2', 'M', 'A', 'S', 'S', ' ', 'J', '0', '4', '4', '1', '4', '4', '8', '9', '+', '2', '3', '0', '1', '5', '1', '3']","['4', '7', '0']","['1', '9']",[]
55,"['2', 'M', 'A', 'S', 'S', ' ', 'J', '0', '4', '4', '3', '3', '7', '6', '4', '+', '0', '0', '0', '2', '0', '4', '0']","['8', '2']","['2', '2']","['1', '.', '7', '8']"
56,"['2', 'M', 'A', 'S', 'S', ' ', 'J', '0', '4', '4', '5', '5', '3', '8', '7', '-', '3', '0', '4', '8', '2', '0', '4', '\xa0', '[', 'd', 'e', ']']","['4', '2']","['6', '4']","['1', '.', '0', '0']"
57,"['2', 'M', 'A', 'S', 'S', ' ', 'J', '0', '4', '5', '1', '0', '0', '9', '3', '-', '3', '4', '0', '2', '1', '5', '0', '\xa0', '[', 'd', 'e', ']']","['6', '9']","['7', '2']","['1', '.', '0', '4']"
58,"['2', 'M', 'A', 'S', 'S', ' ', 'J', '0', '5', '0', '0', '2', '1', '0', '0', '+', '0', '3', '3', '0', '5', '0', '1', '\xa0', '[', 'd', 'e', ']']","['4', '4']","['6', '4']","['1', '.', '0', '0']"
59,"['2', 'M', 'A', 'S', 'S', ' ', 'J', '0', '5', '0', '1', '2', '4', '0', '6', '-', '0', '0', '1', '0', '4', '5', '2', '\xa0', '[', 'd', 'e', ']']","['6', '4']","['2', '1']","['1', '.', '3', '8']"
60,"['2', 'M', 'A', 'S', 'S', ' ', 'J', '0', '5', '1', '6', '0', '9', '4', '5', '-', '0', '4', '4', '5', '4', '9', '9', '\xa0', '[', 'd', 'e', ']']","['7', '3']","['4', '7']","['0', '.', '9', '7']"
61,"['2', 'M', 'A', 'S', 'S', ' ', 'J', '0', '5', '2', '3', '−', '1', '4', '0', '3']","['4', '0']","['6', '8']","['1', '.', '0', '1']"
62,"['2', 'M', 'A', 'S', 'S', ' ', '0', '5', '3', '2', '+', '8', '2', '4', '6']","['8', '1']","['8', '3']",[]
63,"['S', 'D', 'S', 'S', ' ', 'J', '0', '5', '3', '9', '5', '1', '.', '9', '9', '-', '0', '0', '5', '9', '0', '2', '.', '0']","['4', '1', '.', '6', '2']","['6', '1']","['1', '.', '0', '1']"
64,"['2', 'M', 'A', 'S', 'S', ' ', 'J', '0', '5', '5', '9', '1', '9', '1', '4', '-', '1', '4', '0', '4', '4', '8', '8', '\xa0', '[', 'd', 'e', ']']","['3', '4']",[],[]
65,"['L', 'S', 'R', ' ', '0', '6', '0', '2', '+', '3', '9', '1', '0', '\xa0', '[', 'd', 'e', ']']","['3', '4', '.', '6']","['2', '8']","['1', '.', '4', '1']"
66,"['2', 'M', 'A', 'S', 'S', ' ', 'J', '0', '6', '0', '8', '5', '2', '8', '3', '-', '2', '7', '5', '3', '5', '8', '3']","['1', '0', '2']","['3', '8']","['1', '.', '5', '1']"
67,"['W', 'I', 'S', 'E', 'P', ' ', 'J', '0', '6', '1', '1', '3', '5', '.', '1', '3', '-', '0', '4', '1', '0', '2', '4', '.', '0', 'A']","['6', '9']","['6', '5']",[]
68,"['W', 'I', 'S', 'E', 'P', ' ', 'J', '0', '6', '1', '1', '3', '5', '.', '1', '3', '-', '0', '4', '1', '0', '2', '4', '.', '0', 'B']","['6', '9']","['5', '3']",[]
69,"['2', 'M', 'A', 'S', 'S', ' ', 'J', '0', '6', '2', '4', '4', '5', '9', '5', '-', '4', '5', '2', '1', '5', '4', '8', '\xa0', '[', 'd', 'e', ']']","['3', '9']","['5', '6']","['0', '.', '9', '9']"
70,"['2', 'M', 'A', 'S', 'S', ' ', 'J', '0', '6', '4', '1', '1', '8', '4', '0', '-', '4', '3', '2', '2', '3', '2', '9', '\xa0', '[', 'd', 'e', ']']","['6', '5']","['6', '7']","['1', '.', '0', '1']"
71,"['D', 'E', 'N', 'I', 'S', '-', 'P', ' ', 'J', '0', '6', '5', '2', '1', '9', '7', '-', '2', '5', '3', '4', '5', '0', '\xa0', '[', 'd', 'e', ']']","['5', '1']","['7', '5']","['1', '.', '0', '5']"
72,"['2', 'M', 'A', 'S', 'S', ' ', 'J', '0', '7', '0', '0', '3', '6', '6', '4', '+', '3', '1', '5', '7', '2', '6', '6', '\xa0', '[', 'd', 'e', ']']","['4', '0']",[],[]
73,"['2', 'M', 'A', 'S', 'S', ' ', 'J', '0', '7', '0', '7', '5', '3', '2', '7', '-', '4', '9', '0', '0', '5', '0', '3']","['6', '0']","['7', '2']","['1', '.', '0', '3']"
74,"['U', 'G', 'P', 'S', ' ', 'J', '0', '7', '2', '2', '2', '7', '.', '5', '1', '-', '0', '5', '4', '0', '3', '1', '.', '2']","['1', '3', '.', '4']","['2', '6']","['0', '.', '9', '8']"
75,"['2', 'M', 'A', 'S', 'S', 'I', ' ', 'J', '0', '7', '2', '7', '1', '8', '2', '+', '1', '7', '1', '0', '0', '1', '\xa0', '[', 'd', 'e', ']']","['2', '9', '.', '6']","['4', '1']","['0', '.', '9', '4']"
76,"['2', 'M', 'A', 'S', 'S', ' ', 'J', '0', '7', '2', '9', '0', '0', '0', '2', '-', '3', '9', '5', '4', '0', '4', '3', '\xa0', '[', 'd', 'e', ']']","['2', '5', '.', '8']","['3', '7']","['0', '.', '9', '4']"
77,"['S', 'D', 'S', 'S', ' ', 'J', '0', '7', '4', '2', '0', '1', '.', '4', '1', '+', '2', '0', '5', '5', '2', '0', '.', '5', '\xa0', '[', 'd', 'e', ']']","['4', '9']","['4', '3']","['0', '.', '9', '4']"
78,"['2', 'M', 'A', 'S', 'S', ' ', 'J', '0', '7', '4', '6', '4', '2', '5', '+', '2', '0', '0', '0', '3', '2', '\xa0', '[', 'f', 'r', ']']","['4', '9', '.', '6']",[],[]
79,"['D', 'E', 'N', 'I', 'S', '-', 'P', ' ', 'J', '0', '7', '5', '1', '1', '6', '4', '-', '2', '5', '3', '0', '4', '3', '\xa0', '[', 'd', 'e', ']']","['5', '5']","['7', '1']","['1', '.', '0', '3']"
80,"['2', 'M', 'A', 'S', 'S', ' ', 'J', '0', '7', '5', '2', '2', '3', '9', '0', '+', '1', '6', '1', '2', '1', '5', '7']","['6', '0']","['6', '8']","['2', '.', '0', '1']"
81,"['D', 'E', 'N', 'I', 'S', ' ', 'J', '0', '8', '1', '7', '3', '0', '.', '0', '-', '6', '1', '5', '5', '2', '0']","['1', '6', '.', '1']","['4', '4']","['0', '.', '9', '4']"
82,"['D', 'E', 'N', 'I', 'S', ' ', 'J', '0', '8', '2', '3', '0', '3', '.', '1', '−', '4', '9', '1', '2', '0', '1', 'A']","['6', '7']","['4', '4']",[]
83,"['D', 'E', 'N', 'I', 'S', ' ', 'J', '0', '8', '2', '3', '0', '3', '.', '1', '−', '4', '9', '1', '2', '0', '1', 'B']","['6', '7']","['2', '8']",[]
84,"['2', 'M', 'A', 'S', 'S', ' ', 'J', '0', '8', '2', '5', '1', '9', '6', '8', '+', '2', '1', '1', '5', '5', '2', '1', '\xa0', '[', 'd', 'e', ']']","['3', '5']","['5', '2']","['0', '.', '9', '8']"
85,"['S', 'D', 'S', 'S', 'p', ' ', 'J', '0', '8', '3', '0', '0', '8', '.', '1', '2', '+', '4', '8', '2', '8', '4', '7', '.', '4', '\xa0', '[', 'd', 'e', ']']","['4', '3']","['4', '8']","['0', '.', '9', '9']"
86,"['L', 'H', 'S', ' ', '2', '0', '2', '1']","['5', '5']","['8', '8']","['1', '.', '1', '5']"
87,"['S', 'D', 'S', 'S', ' ', 'J', '0', '8', '3', '0', '4', '8', '.', '8', '0', '+', '0', '1', '2', '8', '3', '1', '.', '1', '\xa0', '[', 'd', 'e', ']']","['7', '7']","['4', '6']","['0', '.', '9', '6']"
88,"['2', 'M', 'A', 'S', 'S', 'I', ' ', 'J', '0', '8', '3', '5', '4', '2', '5', '-', '0', '8', '1', '9', '2', '3', '\xa0', '[', 'd', 'e', ']']","['2', '3', '.', '5', '3']","['6', '2']","['1', '.', '0', '0']"
89,"['2', 'M', 'A', 'S', 'S', 'I', ' ', 'J', '0', '8', '4', '7', '2', '8', '7', '-', '1', '5', '3', '2', '3', '7', '\xa0', '[', 'd', 'e', ']']","['4', '3']","['6', '4']","['1', '.', '0', '0']"
90,"['2', 'M', 'A', 'S', 'S', ' ', 'J', '0', '8', '5', '3', '3', '6', '1', '9', '-', '0', '3', '2', '9', '3', '2', '1']","['2', '7', '.', '6']","['7', '7']","['1', '.', '0', '7']"
91,"['2', 'M', 'A', 'S', 'S', 'I', ' ', 'J', '0', '8', '5', '9', '2', '5', '4', '-', '1', '9', '4', '9', '2', '6', '\xa0', '[', 'd', 'e', ']']","['5', '0']","['5', '0']","['0', '.', '9', '8']"
92,"['2', 'M', 'A', 'S', 'S', 'W', ' ', 'J', '0', '9', '2', '0', '1', '2', '2', '+', '3', '5', '1', '7', '4', '2', '\xa0', '[', 'd', 'e', ']']","['9', '5']",[],[]
93,"['2', 'M', 'A', 'S', 'S', 'I', ' ', 'J', '0', '9', '3', '7', '3', '4', '7', '+', '2', '9', '3', '1', '4', '2']","['2', '0', '.', '0']","['4', '2']","['0', '.', '9', '4']"
94,"['2', 'M', 'A', 'S', 'S', ' ', '0', '9', '3', '9', '−', '2', '4', '4', '8']","['1', '7', '.', '4']","['3', '2']","['0', '.', '9', '5']"
95,"['2', 'M', 'A', 'S', 'S', ' ', 'J', '0', '9', '4', '9', '0', '8', '6', '0', '-', '1', '5', '4', '5', '4', '8', '5', '\xa0', '[', 'd', 'e', ']']","['5', '9']","['4', '9']","['0', '.', '9', '6']"
96,"['2', 'M', 'A', 'S', 'S', ' ', 'J', '1', '0', '0', '7', '3', '3', '6', '9', '-', '4', '5', '5', '5', '1', '4', '7']","['4', '6']","['4', '4']","['0', '.', '9', '4']"
97,"['2', 'M', 'A', 'S', 'S', 'I', ' ', 'J', '1', '0', '1', '0', '1', '4', '8', '-', '0', '4', '0', '6', '4', '9', '\xa0', '[', 'd', 'e', ']']","['5', '5']","['5', '1']","['0', '.', '9', '8']"
98,"['2', 'M', 'A', 'S', 'S', 'I', ' ', 'J', '1', '0', '1', '7', '0', '7', '5', '+', '1', '3', '0', '8', '3', '9', '\xa0', '[', 'd', 'e', ']']","['1', '0', '8']",[],[]
99,"['S', 'D', 'S', 'S', ' ', 'J', '1', '0', '2', '1', '0', '9', '.', '6', '9', '-', '0', '3', '0', '4', '2', '0', '.', '1']","['9', '5']",[],[]
100,"['2', 'M', 'A', 'S', 'S', ' ', 'J', '1', '0', '2', '2', '4', '8', '2', '1', '+', '5', '8', '2', '5', '4', '5', '3', '\xa0', '[', 'd', 'e', ']']","['6', '0']","['2', '7']","['1', '.', '4', '1']"
101,"['2', 'M', 'A', 'S', 'S', 'W', ' ', 'J', '1', '0', '3', '6', '5', '3', '0', '-', '3', '4', '4', '1', '3', '8', '\xa0', '[', 'd', 'e', ']']","['5', '3']","['4', '9']","['0', '.', '9', '7']"
102,"['2', 'M', 'A', 'S', 'S', ' ', 'J', '1', '0', '4', '7', '5', '3', '8', '+', '2', '1', '2', '4', '2', '3', '\xa0', '[', 'd', 'e', ']']","['3', '4', '.', '4']","['4', '2']","['0', '.', '9', '4']"
103,"['L', 'u', 'h', 'm', 'a', 'n', ' ', '1', '6', 'B']","['6', '.', '5', '1', '6']","['4', '3']","['1', '.', '0', '2']"
104,"['L', 'u', 'h', 'm', 'a', 'n', ' ', '1', '6', 'A']","['6', '.', '5', '1', '6']","['4', '0']","['1', '.', '0', '1']"
105,"['D', 'E', 'N', 'I', 'S', '-', 'P', ' ', 'J', '1', '0', '5', '8', '.', '7', '−', '1', '5', '4', '8']","['4', '9']","['6', '4']","['1', '.', '0', '0']"
106,"['T', 'W', 'A', ' ', '2', '8']","['1', '8', '0']","['3', '6']","['2', '.', '3', '9']"
107,"['C', 'h', 'a', ' ', '1', '1', '0', '9', '1', '3', '-', '7', '7', '3', '4', '4', '4']","['1', '6', '3']",['8'],"['1', '.', '8']"
108,"['O', 'T', 'S', ' ', '4', '4']","['5', '5', '4']","['1', '5']",[]
109,"['S', 'D', 'S', 'S', ' ', 'J', '1', '1', '1', '0', '1', '0', '.', '0', '1', '+', '0', '1', '1', '6', '1', '3', '.', '1']","['6', '3']",['9'],"['1', '.', '2', '4']"
110,"['2', 'M', 'A', 'S', 'S', ' ', 'J', '1', '1', '1', '4', '5', '1', '3', '3', '−', '2', '6', '1', '8', '2', '3', '5']","['1', '8', '.', '2']","['3', '3']","['0', '.', '9', '6']"
111,"['T', 'W', 'A', ' ', '2', '6']","['1', '3', '7']","['3', '0']","['2', '.', '2', '0']"
112,"['2', 'M', 'A', 'S', 'S', 'W', ' ', 'J', '1', '1', '4', '6', '3', '4', '5', '+', '2', '2', '3', '0', '5', '3']","['8', '9']",[],[]
113,"['2', 'M', 'A', 'S', 'S', ' ', 'J', '1', '1', '5', '4', '4', '2', '2', '3', '-', '3', '4', '0', '0', '3', '9', '0', '\xa0', '[', 'd', 'e', ']']","['1', '2', '9']","['3', '7']","['1', '.', '5', '0']"
114,"['2', 'M', 'A', 'S', 'S', 'W', ' ', 'J', '1', '1', '5', '5', '3', '9', '5', '-', '3', '7', '2', '7', '3', '5', '\xa0', '[', 'd', 'e', ']']","['3', '1']","['6', '4']","['1', '.', '0', '0']"
115,"['T', 'W', 'A', ' ', '2', '7', 'A']",[],[],[]
116,"['T', 'W', 'A', ' ', '2', '7', 'B']",[],[],[]
117,"['2', 'M', 'A', 'S', 'S', ' ', 'J', '1', '2', '0', '7', '4', '8', '3', '6', '-', '3', '9', '0', '0', '0', '4', '3']","['2', '1', '7']","['1', '7']","['1', '.', '7', '1']"
118,"['2', 'M', 'A', 'S', 'S', 'I', ' ', 'J', '1', '2', '1', '7', '1', '1', '0', '-', '0', '3', '1', '1', '1', '3', '\xa0', '[', 'd', 'e', ']']","['3', '6']","['4', '2']","['0', '.', '9', '4']"
119,"['2', 'M', 'A', 'S', 'S', ' ', 'J', '1', '2', '2', '5', '5', '4', '3', '2', '-', '2', '7', '3', '9', '4', '6', '6']","['4', '3']",[],[]
120,"['D', 'E', 'N', 'I', 'S', '-', 'P', ' ', 'J', '1', '2', '2', '8', '.', '2', '-', '1', '5', '4', '7']","['6', '6']",[],[]
121,"['2', 'M', ' ', '1', '2', '3', '7', '+', '6', '5', '2', '6']","['4', '5', '.', '6']","['4', '1']","['0', '.', '9', '4']"
122,"['2', 'M', 'A', 'S', 'S', 'W', ' ', 'J', '1', '2', '3', '9', '2', '7', '2', '+', '5', '5', '1', '5', '3', '7', '\xa0', '[', 'd', 'e', ']']","['1', '1', '9']",[],[]
123,"['T', 'W', 'A', ' ', '2', '9']","['2', '6', '2']","['2', '5']","['2', '.', '0', '0']"
124,"['S', 'D', 'S', 'S', 'p', ' ', 'J', '1', '2', '5', '4', '5', '3', '.', '9', '0', '-', '0', '1', '2', '2', '4', '7', '.', '4', '\xa0', '[', 'd', 'e', ']']","['3', '8']","['4', '7']","['0', '.', '9', '8']"
125,"['K', 'e', 'l', 'u', '-', '1', 'A']","['6', '1']","['6', '3']","['0', '.', '9', '8']"
126,"['K', 'e', 'l', 'u', '-', '1', 'B']","['6', '1']","['5', '8']","['0', '.', '9', '8']"
127,"['2', 'M', 'A', 'S', 'S', ' ', 'J', '1', '3', '2', '0', '4', '4', '2', '7', '+', '0', '4', '0', '9', '0', '4', '5']","['1', '0', '1']","['6', '7']","['1', '.', '0', '1']"
128,"['S', 'D', 'S', 'S', 'p', ' ', 'J', '1', '3', '2', '6', '2', '9', '.', '8', '2', '-', '0', '0', '3', '8', '3', '1', '.', '5', '\xa0', '[', 'd', 'e', ']']","['6', '5']","['5', '1']","['0', '.', '9', '7']"
129,"['S', 'D', 'S', 'S', 'p', ' ', 'J', '1', '3', '4', '6', '4', '6', '.', '4', '5', '-', '0', '0', '3', '1', '5', '0', '.', '4', '\xa0', '[', 'd', 'e', ']']","['4', '8']","['4', '4']","['0', '.', '9', '4']"
130,"['2', 'M', 'A', 'S', 'S', ' ', 'J', '1', '3', '5', '9', '5', '5', '1', '0', '-', '4', '0', '3', '4', '5', '8', '2']","['5', '1']","['6', '3']","['1', '.', '0', '0']"
131,"['U', 'L', 'A', 'S', ' ', 'J', '1', '4', '1', '6', '2', '3', '.', '9', '4', '+', '1', '3', '4', '8', '3', '6', '.', '3']","['2', '9', '.', '7']","['3', '2']","['0', '.', '9', '6']"
132,"['S', 'D', 'S', 'S', ' ', 'J', '1', '4', '1', '6', '5', '9', '.', '7', '8', '+', '5', '0', '0', '6', '2', '6', '.', '4', '\xa0', '[', 'd', 'e', ']']","['1', '4', '9']","['5', '9']","['0', '.', '9', '9']"
133,"['D', 'E', 'N', 'I', 'S', '-', 'P', ' ', 'J', '1', '4', '2', '5', '2', '7', '.', '9', '7', '-', '3', '6', '5', '0', '2', '3', '.', '4', '\xa0', '[', 'd', 'e', ']']","['3', '8']","['2', '1']","['1', '.', '3', '2']"
134,"['L', 'H', 'S', ' ', '2', '9', '2', '4']","['3', '8', '.', '5']","['7', '6']","['1', '.', '0', '6']"
135,"['2', 'M', 'A', 'S', 'S', ' ', 'J', '1', '4', '3', '9', '2', '8', '3', '7', '+', '1', '9', '2', '9', '1', '5', '0']","['4', '7']","['7', '2']","['1', '.', '0', '3']"
136,"['L', 'S', 'P', 'M', ' ', 'J', '1', '4', '4', '0', '+', '1', '3', '3', '9']","['7', '2']","['9', '2']","['1', '.', '1', '9']"
137,"['2', 'M', 'A', 'S', 'S', ' ', 'J', '1', '4', '4', '8', '2', '5', '6', '3', '+', '1', '0', '3', '1', '5', '9', '0', '\xa0', '[', 'd', 'e', ']']","['4', '7']","['5', '9']","['0', '.', '9', '9']"
138,"['C', 'F', 'B', 'D', 'S', 'I', 'R', ' ', '1', '4', '5', '8', '+', '1', '0', 'A']","['1', '0', '4']","['1', '1', '.', '1']","['1', '.', '5']"
139,"['C', 'F', 'B', 'D', 'S', 'I', 'R', ' ', '1', '4', '5', '8', '+', '1', '0', 'B']","['1', '0', '4']",['9'],"['1', '.', '3']"
140,"['T', 'V', 'L', 'M', ' ', '5', '1', '3', '-', '4', '6', '5', '4', '6']","['3', '5', '.', '1']","['7', '5']","['1', '.', '0', '5']"
141,"['2', 'M', 'A', 'S', 'S', ' ', '1', '5', '0', '3', '+', '2', '5', '2', '5']","['2', '0', '.', '7']","['4', '4']","['0', '.', '9', '4']"
142,"['C', 'F', 'B', 'D', 'S', ' ', 'J', '1', '5', '0', '4', '1', '1', '+', '1', '0', '2', '7', '1', '7']","['7', '1']","['4', '4']","['0', '.', '9', '4']"
143,"['2', 'M', 'A', 'S', 'S', 'W', ' ', 'J', '1', '5', '0', '6', '5', '4', '4', '+', '1', '3', '2', '1', '0', '6', '\xa0', '[', 'd', 'e', ']']","['4', '6']","['6', '9']","['1', '.', '0', '2']"
144,"['2', 'M', 'A', 'S', 'S', ' ', '1', '5', '0', '7', '−', '1', '6', '2', '7']","['2', '3', '.', '9']","['6', '0']","['0', '.', '9', '9']"
145,"['T', 'V', 'L', 'M', ' ', '8', '6', '8', '-', '1', '1', '0', '6', '3', '9']","['5', '3']","['7', '9']","['1', '.', '0', '8']"
146,"['S', 'D', 'S', 'S', ' ', 'J', '1', '5', '1', '1', '1', '4', '.', '6', '6', '+', '0', '6', '0', '7', '4', '2', '.', '9', '\xa0', '[', 'd', 'e', ']']","['8', '9']",[],[]
147,"['2', 'M', 'A', 'S', 'S', 'W', ' ', 'J', '1', '5', '1', '5', '0', '0', '8', '+', '4', '8', '4', '7', '4', '2', '\xa0', '[', 'd', 'e', ']']","['3', '4']","['5', '7']","['0', '.', '9', '9']"
148,"['2', 'M', 'A', 'S', 'S', 'I', ' ', 'J', '1', '5', '2', '6', '1', '4', '0', '+', '2', '0', '4', '3', '4', '1', '\xa0', '[', 'd', 'e', ']']","['6', '7']","['5', '4']","['0', '.', '9', '8']"
149,"['D', 'E', 'N', 'I', 'S', '-', 'P', ' ', 'J', '1', '5', '3', '9', '4', '1', '.', '9', '6', '-', '0', '5', '2', '0', '4', '2', '.', '4', '\xa0', '[', 'd', 'e', ']']","['5', '1']","['6', '3']","['1', '.', '0', '0']"
150,"['2', 'M', 'A', 'S', 'S', ' ', 'J', '1', '5', '4', '6', '2', '7', '1', '8', '-', '3', '3', '2', '5', '1', '1', '1', '\xa0', '[', 'd', 'e', ']']","['3', '7']","['4', '4']","['0', '.', '9', '4']"
151,"['2', 'M', 'A', 'S', 'S', 'W', ' ', 'J', '1', '5', '5', '2', '5', '9', '1', '+', '2', '9', '4', '8', '4', '9', '\xa0', '[', 'd', 'e', ']']","['6', '8']","['3', '0']","['1', '.', '4', '3']"
152,"['2', 'M', 'A', 'S', 'S', 'W', ' ', 'J', '1', '5', '5', '5', '1', '5', '7', '-', '0', '9', '5', '6', '0', '5', '\xa0', '[', 'd', 'e', ']']","['4', '4']","['7', '1']","['1', '.', '0', '3']"
153,"['2', 'M', 'A', 'S', 'S', ' ', 'J', '1', '6', '1', '5', '0', '4', '1', '3', '+', '1', '3', '4', '0', '0', '7', '9', '\xa0', '[', 'd', 'e', ']']","['4', '8']","['4', '2']","['0', '.', '9', '4']"
154,"['S', 'D', 'S', 'S', 'p', ' ', 'J', '1', '6', '2', '4', '1', '4', '.', '3', '7', '+', '0', '0', '2', '9', '1', '5', '.', '6', '\xa0', '[', 'd', 'e', ']']","['3', '6']","['4', '3']","['0', '.', '9', '4']"
155,"['2', 'M', 'A', 'S', 'S', ' ', 'J', '1', '6', '2', '6', '2', '0', '3', '4', '+', '3', '9', '2', '5', '1', '9', '0', '\xa0', '[', 'd', 'e', ']']","['1', '1', '0']","['7', '1']","['1', '.', '0', '3']"
156,"['2', 'M', 'A', 'S', 'S', 'W', ' ', 'J', '1', '6', '3', '2', '2', '9', '1', '+', '1', '9', '0', '4', '4', '1', '\xa0', '[', 'd', 'e', ']']","['5', '0']","['4', '9']","['0', '.', '9', '7']"
157,"['W', 'I', 'S', 'E', 'P', 'A', ' ', 'J', '1', '6', '4', '7', '1', '5', '.', '5', '9', '+', '5', '6', '3', '2', '0', '8', '.', '2']","['2', '8']","['4', '1']","['0', '.', '9', '4']"
158,"['L', 'S', 'P', 'M', ' ', 'J', '1', '6', '5', '8', '+', '7', '0', '2', '7', '\xa0', '[', 'd', 'e', ']']","['6', '0']","['7', '3']","['1', '.', '0', '4']"
159,"['2', 'M', 'A', 'S', 'S', 'I', ' ', 'J', '1', '7', '2', '6', '0', '0', '0', '+', '1', '5', '3', '8', '1', '9']","['1', '1', '4']","['2', '4']","['1', '.', '4', '0']"
160,"['2', 'M', 'A', 'S', 'S', 'W', ' ', 'J', '1', '7', '2', '8', '1', '1', '4', '+', '3', '9', '4', '8', '5', '9']","['7', '9']",[],[]
161,"['S', 'D', 'S', 'S', 'p', ' ', 'J', '1', '7', '5', '0', '3', '2', '.', '9', '6', '+', '1', '7', '5', '9', '0', '3', '.', '9']","['9', '0']","['4', '7']","['0', '.', '9', '7']"
162,"['2', 'M', 'A', 'S', 'S', ' ', 'J', '1', '8', '2', '8', '3', '5', '7', '2', '-', '4', '8', '4', '9', '0', '4', '6']","['3', '9']","['4', '5']","['0', '.', '9', '5']"
163,"['L', 'S', 'R', ' ', 'J', '1', '8', '3', '5', '+', '3', '2', '5', '9']","['1', '8', '.', '5']","['7', '7']","['1', '.', '0', '7']"
164,"['2', 'M', 'A', 'S', 'S', 'W', ' ', 'J', '1', '8', '4', '1', '0', '8', '6', '+', '3', '1', '1', '7', '2', '7']","['1', '3', '8']","['6', '7']","['1', '.', '0', '1']"
165,"['2', 'M', 'A', 'S', 'S', ' ', 'J', '1', '8', '4', '3', '2', '2', '1', '3', '+', '4', '0', '4', '0', '2', '0', '9']","['4', '6']","['9', '6']","['1', '.', '2', '2']"
166,"['2', 'M', 'A', 'S', 'S', ' ', 'J', '2', '0', '0', '0', '4', '8', '4', '1', '-', '7', '5', '2', '3', '0', '7', '0']","['1', '0', '5']","['2', '5']","['1', '.', '8', '8']"
167,"['S', 'D', 'S', 'S', ' ', 'J', '2', '0', '4', '7', '4', '9', '.', '6', '1', '-', '0', '7', '1', '8', '1', '8', '.', '3']","['6', '5']","['4', '6']","['0', '.', '9', '6']"
168,"['2', 'M', 'A', 'S', 'S', 'I', ' ', 'J', '2', '0', '5', '7', '5', '4', '0', '-', '0', '2', '5', '2', '3', '0']","['4', '7']","['7', '0']","['1', '.', '0', '2']"
169,"['2', 'M', 'A', 'S', 'S', 'W', ' ', 'J', '2', '1', '0', '1', '1', '5', '4', '+', '1', '7', '5', '6', '5', '8']","['1', '0', '8']",[],[]
170,"['2', 'M', 'A', 'S', 'S', 'I', ' ', 'J', '2', '1', '0', '4', '1', '4', '9', '-', '1', '0', '3', '7', '3', '6']","['6', '2']","['6', '9']","['1', '.', '0', '2']"
171,"['P', 'S', 'O', ' ', 'J', '3', '1', '8', '.', '5', '−', '2', '2']","['8', '0']","['6', '.', '5']","['1', '.', '5', '3']"
172,"['H', 'B', ' ', '2', '1', '2', '4', '-', '4', '2', '2', '8']","['1', '1', '3']","['9', '4']","['1', '.', '2', '1']"
173,"['2', 'M', 'A', 'S', 'S', ' ', 'J', '2', '1', '3', '9', '2', '6', '7', '6', '+', '0', '2', '2', '0', '2', '2', '6']","['3', '2', '.', '1']","['4', '6']","['0', '.', '9', '6']"
174,"['2', 'M', 'A', 'S', 'S', ' ', 'J', '2', '1', '4', '8', '1', '6', '2', '8', '+', '4', '0', '0', '3', '5', '9', '3']","['2', '6', '.', '3']","['5', '5']","['0', '.', '9', '9']"
175,"['2', 'M', 'A', 'S', 'S', ' ', 'J', '1', '4', '1', '1', '2', '1', '3', '1', '-', '2', '1', '1', '9', '5', '0', '3']",[],[],[]
176,"['2', 'M', 'A', 'S', 'S', 'W', ' ', 'J', '2', '2', '0', '6', '4', '5', '0', '-', '4', '2', '1', '7', '2', '1']","['9', '3']","['2', '2']","['1', '.', '3', '3']"
177,"['2', 'M', 'A', 'S', 'S', 'W', ' ', 'J', '2', '2', '0', '8', '1', '3', '6', '+', '2', '9', '2', '1', '2', '1']","['1', '5', '4']","['2', '7']","['1', '.', '4', '1']"
178,"['2', 'M', 'A', 'S', 'S', 'W', ' ', 'J', '2', '2', '2', '4', '4', '3', '8', '-', '0', '1', '5', '8', '5', '2']","['3', '8']","['6', '1']","['0', '.', '9', '9']"
179,"['2', 'M', 'A', 'S', 'S', ' ', 'J', '2', '2', '2', '8', '2', '8', '8', '9', '-', '4', '3', '1', '0', '2', '6', '2']","['3', '5']","['4', '2']","['0', '.', '9', '4']"
180,"['2', 'M', 'A', 'S', 'S', ' ', 'J', '2', '2', '3', '7', '3', '2', '5', '5', '+', '3', '9', '2', '2', '3', '9', '8']","['6', '4']","['7', '3']","['1', '.', '0', '4']"
181,"['2', 'M', 'A', 'S', 'S', 'W', ' ', 'J', '2', '2', '4', '4', '3', '1', '6', '+', '2', '0', '4', '3', '4', '3']","['5', '6']","['1', '2']","['1', '.', '2', '9']"
182,"['2', 'M', 'A', 'S', 'S', ' ', 'J', '2', '3', '2', '2', '4', '6', '8', '4', '-', '3', '1', '3', '3', '2', '3', '1']","['5', '6']","['2', '4']","['1', '.', '3', '9']"
183,"['2', 'M', 'A', 'S', 'S', ' ', 'J', '2', '3', '2', '2', '5', '2', '9', '9', '-', '6', '1', '5', '1', '2', '7', '5']","['1', '4', '8']","['1', '7']","['1', '.', '5', '9']"
184,"['2', 'M', 'A', 'S', 'S', ' ', 'J', '2', '3', '5', '1', '5', '0', '4', '4', '-', '2', '5', '3', '7', '3', '6', '7']","['6', '7']","['8', '8']","['1', '.', '1', '6']"
185,"['2', 'M', 'A', 'S', 'S', 'I', ' ', 'J', '2', '3', '5', '6', '5', '4', '7', '-', '1', '5', '5', '3', '1', '0']","['7', '4']","['8', '0']","['1', '.', '0', '9']"
186,"['W', 'I', 'S', 'E', ' ', '0', '0', '0', '5', '+', '3', '7', '3', '7']","['2', '3', '.', '2']",[],[]
187,"['W', 'I', 'S', 'E', ' ', '0', '0', '0', '8', '-', '1', '7', '3', '9']","['8', '7', '.', '1']",[],[]
188,"['W', 'I', 'S', 'E', ' ', '0', '0', '1', '5', '-', '4', '6', '1', '5']","['4', '8', '.', '6']",[],[]
189,"['W', 'I', 'S', 'E', ' ', '0', '0', '3', '1', '-', '3', '8', '4', '0']","['7', '1', '.', '8']",[],[]
190,"['W', 'I', 'S', 'E', ' ', '0', '0', '3', '2', '-', '4', '9', '4', '6']","['6', '2', '.', '9']",[],[]
191,"['W', 'I', 'S', 'E', ' ', '0', '0', '3', '8', '+', '2', '7', '5', '8']","['3', '6', '.', '9']",[],[]
192,"['W', 'I', 'S', 'E', ' ', '0', '0', '3', '8', '+', '8', '4', '0', '5']","['1', '0', '1', '.', '8']",[],[]
193,"['W', 'I', 'S', 'E', ' ', '0', '0', '4', '0', '+', '0', '9', '0', '0']","['4', '7', '.', '6']",[],[]
194,"['W', 'I', 'S', 'E', ' ', '0', '0', '4', '9', '+', '0', '4', '4', '1']","['6', '2', '.', '6']",[],[]
195,"['W', 'I', 'S', 'E', ' ', '0', '0', '4', '9', '+', '2', '1', '5', '1']","['2', '4', '.', '1']",[],[]
196,"['W', 'I', 'S', 'E', ' ', '0', '1', '0', '6', '+', '1', '5', '1', '8']","['1', '4', '2', '.', '9']",[],[]
197,"['W', 'I', 'S', 'E', ' ', '0', '1', '2', '3', '+', '4', '1', '4', '2']","['6', '7', '.', '2']",[],[]
198,"['W', 'I', 'S', 'E', ' ', '0', '1', '3', '5', '+', '1', '7', '1', '5']","['7', '7', '.', '3']",[],[]
199,"['W', 'I', 'S', 'E', ' ', '0', '1', '3', '8', '-', '0', '3', '2', '2']","['5', '7', '.', '7']",[],[]
200,"['W', 'I', 'S', 'E', ' ', '0', '1', '4', '6', '+', '4', '2', '3', '4']","['2', '0', '.', '5']",[],[]
201,"['W', 'I', 'S', 'E', ' ', '0', '1', '4', '8', '-', '7', '2', '0', '2']","['3', '0']",[],[]
202,"['W', 'I', 'S', 'E', ' ', '0', '1', '5', '0', '+', '3', '8', '2', '7']","['6', '1', '.', '3']",[],[]
203,"['W', 'I', 'S', 'E', ' ', '0', '2', '0', '6', '+', '2', '6', '4', '0']","['5', '8', '.', '4']",[],[]
204,"['W', 'I', 'S', 'E', ' ', '0', '2', '2', '1', '+', '3', '8', '4', '2']","['7', '3', '.', '1']",[],[]
205,"['W', 'I', 'S', 'E', ' ', '0', '2', '2', '3', '-', '2', '9', '3', '2']","['4', '7']",[],[]
206,"['W', 'I', 'S', 'E', ' ', '0', '2', '2', '6', '-', '0', '2', '1', '1']","['9', '1']",[],[]
207,"['W', 'I', 'S', 'E', ' ', '0', '2', '4', '1', '-', '3', '6', '5', '3']","['5', '3', '.', '8']",[],[]
208,"['W', 'I', 'S', 'E', ' ', '0', '2', '4', '5', '-', '3', '4', '5', '0']","['5', '6', '.', '1']",[],[]
209,"['W', 'I', 'S', 'E', ' ', '0', '2', '4', '7', '+', '3', '7', '2', '5']","['5', '7', '.', '1']",[],[]
210,"['W', 'I', 'S', 'E', ' ', '0', '3', '0', '5', '+', '3', '9', '5', '4']","['7', '5']",[],[]
211,"['W', 'I', 'S', 'E', ' ', '0', '3', '0', '7', '+', '2', '9', '0', '4']","['8', '2', '.', '8']",[],[]
212,"['W', 'I', 'S', 'E', ' ', '0', '3', '1', '3', '+', '7', '8', '0', '7']","['2', '8']",[],[]
213,"['W', 'I', 'S', 'E', ' ', '0', '3', '1', '6', '+', '4', '3', '0', '7']","['1', '0', '6', '.', '3']",[],[]
214,"['W', 'I', 'S', 'E', ' ', '0', '3', '2', '1', '-', '7', '3', '4', '7']","['8', '4', '.', '8']",[],[]
215,"['W', 'I', 'S', 'E', ' ', '0', '3', '2', '3', '-', '6', '0', '2', '5']","['4', '5', '.', '3']",[],[]
216,"['W', 'I', 'S', 'E', ' ', '0', '3', '2', '5', '-', '3', '8', '5', '4']","['5', '1', '.', '2']",[],[]
217,"['W', 'I', 'S', 'E', ' ', '0', '3', '2', '5', '+', '0', '8', '3', '1']","['3', '6', '.', '5']",[],[]
218,"['W', 'I', 'S', 'E', ' ', '0', '3', '3', '3', '-', '5', '8', '5', '6']","['5', '4', '.', '8']",[],[]
219,"['W', 'I', 'S', 'E', ' ', '0', '3', '3', '5', '+', '4', '3', '1', '0']","['4', '5', '.', '7']",[],[]
220,"['W', 'I', 'S', 'E', ' ', '0', '3', '3', '6', '-', '0', '1', '4', '3']","['5', '5', '.', '4']",[],[]
221,"['W', 'I', 'S', 'E', ' ', '0', '3', '5', '0', '-', '5', '6', '5', '8']","['1', '7', '.', '7']",[],[]
222,"['W', 'I', 'S', 'E', ' ', '0', '3', '5', '9', '-', '5', '4', '0', '1']","['1', '9', '.', '2']",[],[]
223,"['W', 'I', 'S', 'E', ' ', '0', '4', '1', '0', '+', '1', '5', '0', '2']","['2', '0']",['6'],"['1', '.', '1', '7']"
224,"['W', 'I', 'S', 'E', ' ', '0', '4', '1', '0', '+', '1', '4', '1', '1']","['8', '5', '.', '8']",[],[]
225,"['W', 'I', 'S', 'E', ' ', '0', '4', '1', '3', '-', '4', '7', '5', '0']","['6', '6', '.', '2']",[],[]
226,"['W', 'I', 'S', 'E', ' ', '0', '4', '4', '8', '-', '1', '9', '3', '5']","['6', '9', '.', '8']",[],[]
227,"['W', 'I', 'S', 'E', ' ', '0', '4', '5', '8', '+', '6', '4', '3', '4', 'A']","['3', '5', '.', '9']","['1', '5']","['4', '.', '2']"
228,"['W', 'I', 'S', 'E', ' ', '0', '4', '5', '8', '+', '6', '4', '3', '4', 'B']","['3', '5', '.', '9']","['1', '0']","['3', '.', '8']"
229,"['W', 'I', 'S', 'E', ' ', '0', '5', '0', '0', '-', '1', '2', '2', '3']","['4', '7']",[],[]
230,"['W', 'I', 'S', 'E', ' ', '0', '5', '1', '3', '+', '0', '6', '0', '8']","['4', '4', '.', '7']",[],[]
231,"['W', 'I', 'S', 'E', ' ', '0', '5', '2', '5', '+', '6', '7', '3', '9']","['9', '8', '.', '2']",[],[]
232,"['W', 'I', 'S', 'E', ' ', '0', '5', '2', '8', '-', '3', '3', '0', '8']","['5', '7', '.', '4']",[],[]
233,"['W', 'I', 'S', 'E', ' ', '0', '5', '3', '5', '-', '7', '5', '0', '0']","['4', '7']",[],[]
234,"['W', 'I', 'S', 'E', ' ', '0', '5', '3', '9', '-', '1', '0', '3', '4']","['8', '4', '.', '8']",[],[]
235,"['W', 'I', 'S', 'E', ' ', '0', '5', '4', '2', '-', '1', '6', '2', '8']","['5', '0', '.', '6']",[],[]
236,"['W', 'I', 'S', 'E', ' ', '0', '6', '0', '7', '+', '2', '4', '2', '9']","['2', '5', '.', '4']",[],[]
237,"['W', 'I', 'S', 'E', ' ', '0', '6', '1', '1', '-', '0', '4', '1', '0']","['5', '7', '.', '7']",[],[]
238,"['W', 'I', 'S', 'E', ' ', '0', '6', '1', '2', '-', '4', '9', '2', '0']","['9', '5', '.', '2']",[],[]
239,"['W', 'I', 'S', 'E', ' ', '0', '6', '1', '2', '-', '3', '0', '3', '6']","['6', '4', '.', '9']",[],[]
240,"['W', 'I', 'S', 'E', ' ', '0', '6', '1', '4', '+', '3', '9', '1', '2']","['5', '0', '.', '2']",[],[]
241,"['W', 'I', 'S', 'E', ' ', '0', '6', '1', '4', '+', '0', '9', '5', '1']","['5', '1', '.', '5']",[],[]
242,"['W', 'I', 'S', 'E', ' ', '0', '6', '2', '3', '-', '0', '4', '5', '6']","['3', '7', '.', '5']",[],[]
243,"['W', 'I', 'S', 'E', ' ', '0', '6', '2', '5', '+', '5', '6', '4', '6']","['6', '7', '.', '2']",[],[]
244,"['W', 'I', 'S', 'E', ' ', '0', '6', '2', '7', '-', '1', '1', '1', '4']","['3', '7', '.', '2']",[],[]
245,"['W', 'I', 'S', 'E', ' ', '0', '6', '4', '7', '-', '6', '2', '3', '2']","['2', '8']",[],[]
246,"['W', 'I', 'S', 'E', ' ', '0', '6', '5', '6', '+', '4', '2', '0', '5']","['5', '4', '.', '1']",[],[]
247,"['W', 'I', 'S', 'E', ' ', '0', '7', '1', '3', '-', '2', '9', '1', '7']","['2', '3', '.', '2']",[],[]
248,"['W', 'I', 'S', 'E', ' ', '0', '7', '2', '3', '+', '3', '4', '0', '3']","['4', '5', '.', '7']",[],[]
249,"['W', 'I', 'S', 'E', ' ', '0', '7', '3', '3', '+', '7', '5', '4', '4']","['7', '8', '.', '3']",[],[]
250,"['W', 'I', 'S', 'E', ' ', '0', '7', '3', '4', '-', '7', '1', '5', '7']","['3', '4', '.', '9']",[],[]
251,"['W', 'I', 'S', 'E', ' ', '0', '7', '4', '4', '+', '5', '6', '2', '8']","['4', '7', '.', '3']",[],[]
252,"['W', 'I', 'S', 'E', ' ', '0', '7', '5', '0', '+', '2', '7', '2', '5']","['5', '1', '.', '5']",[],[]
253,"['W', 'I', 'S', 'E', ' ', '0', '7', '5', '1', '-', '7', '6', '3', '4']","['3', '9', '.', '1']",[],[]
254,"['W', 'I', 'S', 'E', ' ', '0', '7', '5', '9', '-', '4', '9', '0', '4']","['3', '8', '.', '8']",[],[]
255,"['W', 'I', 'S', 'E', ' ', '0', '8', '1', '1', '-', '8', '0', '5', '1']","['3', '2']",[],[]
256,"['W', 'I', 'S', 'E', ' ', '0', '8', '1', '2', '+', '4', '0', '2', '1']","['6', '3', '.', '6']",[],[]
257,"['W', 'I', 'S', 'E', ' ', '0', '8', '1', '9', '-', '0', '3', '3', '5']","['4', '6']",[],[]
258,"['W', 'I', 'S', 'E', ' ', '0', '8', '2', '1', '+', '1', '4', '4', '3']","['6', '8', '.', '2']",[],[]
259,"['W', 'I', 'S', 'E', ' ', '0', '8', '3', '6', '-', '1', '8', '5', '9']","['7', '2', '.', '4']",[],[]
260,"['W', 'I', 'S', 'E', ' ', '0', '8', '5', '7', '+', '5', '6', '0', '4']","['4', '2', '.', '1']",[],[]
261,"['W', 'I', 'S', 'E', ' ', '0', '9', '0', '6', '+', '4', '7', '3', '5']","['5', '1', '.', '5']",[],[]
262,"['W', 'I', 'S', 'E', ' ', '0', '9', '2', '9', '+', '0', '4', '0', '9']","['6', '4', '.', '9']",[],[]
263,"['W', 'I', 'S', 'E', ' ', '0', '9', '5', '2', '+', '1', '9', '5', '5']","['7', '2', '.', '1']",[],[]
264,"['W', 'I', 'S', 'E', ' ', '1', '0', '1', '8', '-', '2', '4', '4', '5']","['4', '7', '.', '6']",[],[]
265,"['W', 'I', 'S', 'E', ' ', '1', '0', '1', '9', '+', '6', '5', '2', '9']","['5', '6', '.', '8']",[],[]
266,"['W', 'I', 'S', 'E', ' ', '1', '0', '3', '9', '-', '1', '6', '0', '0']","['4', '7', '.', '3']",[],[]
267,"['W', 'I', 'S', 'E', ' ', '1', '0', '4', '2', '-', '3', '8', '4', '2']","['5', '3', '.', '2']",[],[]
268,"['W', 'I', 'S', 'E', ' ', '1', '0', '5', '1', '-', '2', '1', '3', '8']","['4', '0', '.', '8']",[],[]
269,"['W', 'I', 'S', 'E', ' ', '1', '1', '2', '2', '+', '2', '5', '5', '0']","['5', '7', '.', '7']",[],[]
270,"['W', 'I', 'S', 'E', ' ', '1', '1', '2', '4', '-', '0', '4', '2', '1']","['5', '0', '.', '6']",[],[]
271,"['W', 'I', 'S', 'E', ' ', '1', '1', '4', '7', '-', '2', '0', '4', '0']","['1', '0', '2']",[],[]
272,"['W', 'I', 'S', 'E', ' ', '1', '1', '5', '0', '+', '6', '3', '0', '2']","['3', '2', '.', '9']",[],[]
273,"['W', 'I', 'S', 'E', ' ', '1', '2', '1', '7', '+', '1', '6', '2', '6', 'A']","['3', '4', '.', '2']","['1', '2']",[]
274,"['W', 'I', 'S', 'E', ' ', '1', '2', '1', '7', '+', '1', '6', '2', '6', 'B']","['3', '4', '.', '2']",['6'],[]
275,"['W', 'I', 'S', 'E', ' ', '1', '2', '2', '5', '-', '1', '0', '1', '3']","['5', '5', '.', '4']",[],[]
276,"['W', 'I', 'S', 'E', ' ', '1', '3', '1', '1', '+', '0', '1', '2', '2']","['4', '4', '.', '4']",[],[]
277,"['W', 'I', 'S', 'E', ' ', '1', '3', '1', '1', '+', '3', '6', '2', '9']","['8', '6', '.', '1']",[],[]
278,"['W', 'I', 'S', 'E', ' ', '1', '3', '1', '8', '-', '1', '7', '5', '8']","['3', '2', '.', '9']",[],[]
279,"['W', 'I', 'S', 'E', ' ', '1', '3', '2', '0', '+', '6', '0', '3', '4']","['5', '6', '.', '1']",[],[]
280,"['W', 'I', 'S', 'E', ' ', '1', '3', '2', '2', '-', '2', '3', '4', '0']","['3', '3', '.', '9']",[],[]
281,"['W', 'I', 'S', 'E', ' ', '1', '3', '4', '8', '+', '6', '6', '0', '3']","['9', '1']",[],[]
282,"['W', 'I', 'S', 'E', ' ', '1', '4', '0', '5', '+', '5', '5', '3', '4']","['2', '5', '.', '3']","['3', '0']","['0', '.', '8', '6']"
283,"['W', 'I', 'S', 'E', ' ', '1', '4', '3', '3', '-', '0', '8', '3', '7']","['8', '4', '.', '8']",[],[]
284,"['W', 'I', 'S', 'E', ' ', '1', '4', '3', '6', '-', '1', '8', '1', '4']","['6', '0']",[],[]
285,"['W', 'I', 'S', 'E', ' ', '1', '4', '5', '7', '+', '5', '8', '1', '5']","['5', '2', '.', '2']",[],[]
286,"['W', 'I', 'S', 'E', ' ', '1', '5', '0', '6', '+', '7', '0', '2', '7']","['1', '1', '.', '1']",[],[]
287,"['W', 'I', 'S', 'E', ' ', '1', '5', '1', '7', '+', '0', '5', '2', '9']","['7', '2', '.', '4']",[],[]
288,"['W', 'I', 'S', 'E', ' ', '1', '5', '1', '9', '+', '7', '0', '0', '9']","['5', '0', '.', '9']",[],[]
289,"['W', 'I', 'S', 'E', ' ', '1', '5', '2', '3', '+', '3', '1', '2', '5']","['8', '4', '.', '5']",[],[]
290,"['W', 'I', 'S', 'E', ' ', '1', '5', '4', '1', '-', '2', '2', '5', '0']","['2', '0']",[],[]
291,"['W', 'I', 'S', 'E', ' ', '1', '5', '4', '2', '+', '2', '2', '3', '0']","['4', '1', '.', '1']",[],[]
292,"['W', 'I', 'S', 'E', ' ', '1', '6', '1', '2', '-', '3', '4', '2', '0']","['5', '5', '.', '4']",[],[]
293,"['W', 'I', 'S', 'E', ' ', '1', '6', '1', '4', '+', '1', '7', '3', '9']","['3', '2', '.', '6']",[],[]
294,"['W', 'I', 'S', 'E', ' ', '1', '6', '1', '7', '+', '1', '8', '0', '7']","['5', '0', '.', '2']",[],[]
295,"['W', 'I', 'S', 'E', ' ', '1', '6', '2', '2', '-', '0', '9', '5', '9']","['5', '2', '.', '2']",[],[]
296,"['W', 'I', 'S', 'E', ' ', '1', '6', '2', '7', '+', '3', '2', '5', '5']","['5', '0', '.', '2']",[],[]
297,"['W', 'I', 'S', 'E', ' ', '1', '6', '3', '9', '-', '6', '8', '4', '7']","['1', '6', '.', '3']",[],[]
298,"['W', 'I', 'S', 'E', ' ', '1', '6', '4', '7', '+', '5', '6', '3', '2']","['2', '8']",[],[]
299,"['W', 'I', 'S', 'E', ' ', '1', '6', '5', '3', '+', '4', '4', '4', '4']","['3', '9', '.', '5']",[],[]
300,"['W', 'I', 'S', 'E', ' ', '1', '7', '1', '1', '+', '3', '5', '0', '0']","['6', '0', '.', '3']",[],[]
301,"['W', 'I', 'S', 'E', ' ', '1', '7', '1', '7', '+', '6', '1', '2', '9']","['7', '2', '.', '7']",[],[]
302,"['W', 'I', 'S', 'E', ' ', '1', '7', '2', '1', '+', '1', '1', '1', '7']","['6', '2', '.', '3']",[],[]
303,"['W', 'I', 'S', 'E', ' ', '1', '7', '2', '8', '+', '5', '7', '1', '6']","['9', '7', '.', '8']",[],[]
304,"['W', 'I', 'S', 'E', ' ', '1', '7', '3', '8', '+', '2', '7', '3', '2']","['2', '0']",[],[]
305,"['W', 'I', 'S', 'E', ' ', '1', '7', '4', '1', '+', '2', '5', '5', '3']","['1', '8', '.', '9']",[],[]
306,"['W', 'I', 'S', 'E', ' ', '1', '7', '4', '6', '-', '0', '3', '3', '8']","['8', '3', '.', '8']",[],[]
307,"['W', 'I', 'S', 'E', ' ', '1', '8', '0', '0', '+', '0', '1', '3', '4']","['2', '8', '.', '7']","['5', '7']",[]
308,"['W', 'I', 'S', 'E', ' ', '1', '8', '0', '4', '+', '3', '1', '1', '7']","['3', '0']",[],[]
309,"['W', 'I', 'S', 'E', ' ', '1', '8', '0', '9', '+', '3', '8', '3', '8']","['7', '4', '.', '4']",[],[]
310,"['W', 'I', 'S', 'E', ' ', '1', '8', '1', '2', '+', '2', '7', '2', '1']","['4', '7']",[],[]
311,"['W', 'I', 'S', 'E', ' ', '1', '8', '2', '8', '+', '2', '6', '5', '0']","['3', '6']",[],[]
312,"['W', 'I', 'S', 'E', ' ', '1', '8', '3', '0', '+', '4', '5', '4', '2']","['1', '0', '7']",[],[]
313,"['W', 'I', 'S', 'E', ' ', '1', '8', '4', '1', '+', '7', '0', '0', '0']","['1', '3', '1', '.', '1']",[],[]
314,"['W', 'I', 'S', 'E', ' ', '1', '8', '5', '2', '+', '3', '5', '3', '7']","['5', '5', '.', '4']",[],[]
315,"['W', 'I', 'S', 'E', ' ', '1', '9', '0', '6', '+', '4', '5', '0', '8']","['5', '1', '.', '5']",[],[]
316,"['W', 'I', 'S', 'E', ' ', '1', '9', '2', '8', '+', '2', '3', '5', '6']","['2', '2', '.', '8']",[],[]
317,"['W', 'I', 'S', 'E', ' ', '1', '9', '5', '2', '+', '7', '2', '4', '0']","['4', '4', '.', '4']",[],[]
318,"['W', 'I', 'S', 'E', ' ', '1', '9', '5', '9', '-', '3', '3', '3', '8']","['3', '7', '.', '2']",[],[]
319,"['W', 'I', 'S', 'E', ' ', '2', '0', '3', '0', '+', '0', '7', '4', '9']","['3', '4', '.', '2']",[],[]
320,"['W', 'I', 'S', 'E', ' ', '2', '0', '1', '4', '+', '0', '4', '2', '4']","['9', '6', '.', '2']",[],[]
321,"['W', 'I', 'S', 'E', ' ', '2', '0', '1', '5', '+', '6', '6', '4', '6']","['5', '0', '.', '6']",[],[]
322,"['W', 'I', 'S', 'E', ' ', '2', '0', '1', '8', '-', '7', '4', '2', '3']","['4', '7', '.', '9']",[],[]
323,"['W', 'I', 'S', 'E', ' ', '2', '0', '1', '9', '-', '1', '1', '4', '8']","['4', '2', '.', '4']",[],[]
324,"['W', 'I', 'S', 'E', ' ', '2', '0', '5', '6', '+', '1', '4', '5', '9']","['2', '4', '.', '5']",[],[]
325,"['W', 'I', 'S', 'E', ' ', '2', '1', '3', '4', '-', '7', '1', '3', '7']","['4', '2', '.', '7']",[],[]
326,"['W', 'I', 'S', 'E', ' ', '2', '1', '5', '7', '+', '2', '6', '5', '9']","['6', '1', '.', '6']",[],[]
327,"['W', 'I', 'S', 'E', ' ', '2', '2', '0', '9', '-', '2', '7', '3', '4']","['4', '6']",[],[]
328,"['W', 'I', 'S', 'E', ' ', '2', '2', '1', '3', '+', '0', '9', '1', '1']","['5', '8', '.', '7']",[],[]
329,"['W', 'I', 'S', 'E', ' ', '2', '2', '2', '0', '-', '3', '6', '2', '8']","['2', '6', '.', '4']",[],[]
330,"['W', 'I', 'S', 'E', ' ', '2', '2', '2', '6', '+', '0', '4', '4', '0']","['4', '5']",[],[]
331,"['W', 'I', 'S', 'E', ' ', '2', '2', '3', '7', '-', '0', '6', '1', '4']","['5', '3', '.', '5']",[],[]
332,"['W', 'I', 'S', 'E', ' ', '2', '2', '3', '7', '+', '7', '2', '2', '8']","['4', '6']",[],[]
333,"['W', 'I', 'S', 'E', ' ', '2', '2', '3', '9', '+', '1', '6', '1', '7']","['5', '9', '.', '7']",[],[]
334,"['W', 'I', 'S', 'E', ' ', '2', '2', '5', '5', '-', '3', '1', '1', '8']","['4', '4', '.', '7']",[],[]
335,"['W', 'I', 'S', 'E', ' ', '2', '3', '0', '1', '+', '0', '2', '1', '6']","['6', '0', '.', '7']",[],[]
336,"['W', 'I', 'S', 'E', ' ', '2', '3', '1', '3', '-', '8', '0', '3', '7']","['3', '5', '.', '9']",[],[]
337,"['W', 'I', 'S', 'E', ' ', '2', '3', '1', '9', '-', '1', '8', '4', '4']","['5', '2', '.', '2']",[],[]
338,"['W', 'I', 'S', 'E', ' ', '2', '3', '2', '5', '-', '4', '1', '0', '5']","['3', '7', '.', '5']",[],[]
339,"['W', 'I', 'S', 'E', ' ', '2', '3', '2', '7', '-', '2', '7', '3', '0']","['7', '0', '.', '8']",[],[]
340,"['W', 'I', 'S', 'E', ' ', '2', '3', '3', '5', '+', '4', '2', '2', '2']","['9', '0', '.', '3']",[],[]
341,"['W', 'I', 'S', 'E', ' ', '2', '3', '4', '0', '-', '0', '7', '4', '5']","['3', '7', '.', '8']",[],[]
342,"['W', 'I', 'S', 'E', ' ', '2', '3', '4', '2', '+', '0', '8', '5', '6']","['5', '1', '.', '2']",[],[]
343,"['W', 'I', 'S', 'E', ' ', '2', '3', '4', '3', '-', '7', '4', '1', '8']","['4', '8', '.', '6']",[],[]
344,"['W', 'I', 'S', 'E', ' ', '2', '3', '4', '4', '+', '1', '0', '3', '4']","['4', '6']",[],[]
345,"['W', 'I', 'S', 'E', ' ', '2', '3', '4', '8', '-', '1', '0', '2', '8']","['5', '4', '.', '1']",[],[]
346,"['W', 'I', 'S', 'E', ' ', '2', '3', '5', '7', '+', '1', '2', '2', '7']","['5', '4', '.', '8']",[],[]
347,"['W', 'I', 'S', 'E', ' ', '2', '3', '5', '9', '-', '7', '3', '3', '5']","['4', '2', '.', '7']",[],[]
348,"['W', 'I', 'S', 'E', 'A', ' ', '1', '1', '0', '1', '+', '5', '4', '0', '0']","['1', '1', '1']",[],[]
349,"['2', 'M', '1', '5', '1', '0']","['1', '2', '0']",[],[]
